clip_time,source_time,expected_cut,old_is_cut,old_pixel_difference,old_histogram_correlation,structure_residual,brightness_shift,motion_inlier_fraction,motion_checked,previous_corners,consistent_matches,is_cut
0.1,0.1,False,False,0.041812666424594525,0.9983205591238011,0.033777382794548484,0.0,0.0,False,0,0,False
0.2,0.2,False,False,0.03880113773904623,0.9986184988589974,0.031097948784921683,0.0,0.0,False,0,0,False
0.3,0.3,False,False,0.03694701646090535,0.9973477865959288,0.03004777197744332,0.0,0.0,False,0,0,False
0.4,0.4,False,False,0.04064618131203099,0.9986784657223587,0.03124243605370615,0.0,0.0,False,0,0,False
0.5,0.5,False,False,0.042425411522633745,0.9983776952241669,0.033321418014227173,0.0,0.0,False,0,0,False
0.6,0.6,False,False,0.04379614500121036,0.9948719143808442,0.035793390461042816,0.0,0.0,False,0,0,False
0.7,0.7,False,False,0.04279003267973856,0.9966439071468566,0.03539245829862707,-0.00392156862745098,0.0,False,0,0,False
0.8,0.8,False,False,0.04352381384652627,0.9976128237807455,0.034883918014227175,-0.00392156862745098,0.0,False,0,0,False
0.9,0.9,False,False,0.042013132413459206,0.9964803804775587,0.03432677399878408,-0.00392156862745098,0.0,False,0,0,False
1.0,1.0,False,False,0.04260242677317841,0.998070290791728,0.0334256228278665,0.0,0.0,False,0,0,False
1.1,1.1,False,False,0.044246247881868796,0.9978047371153038,0.03463276881797641,0.0,0.0,False,0,0,False
1.2,1.2,False,False,0.045657074558218345,0.997055114115483,0.03627791311226639,0.0,0.0,False,0,0,False
1.3,1.3,False,False,0.05541560760106511,0.9979681577196914,0.04533954321169386,-0.00392156862745098,0.0,False,0,0,False
1.4,1.4,False,False,0.059949921326555314,0.9970579072414798,0.05103202146642348,-0.00392156862745098,0.0,False,0,0,False
1.5,1.5,False,False,0.05977895787944808,0.9965815954908593,0.050618986989937574,-0.00392156862745098,0.0,False,0,0,False
1.6,1.6,False,False,0.06110278988138466,0.993600864900399,0.05010269015443091,-0.00392156862745098,0.0,False,0,0,False
1.7,1.7,False,False,0.06069504962478819,0.9933903383044006,0.04921610215130974,-0.00392156862745098,0.0,False,0,0,False
1.8,1.8,False,False,0.05283073105785524,0.9975751642883154,0.043635203791599644,0.0,0.0,False,0,0,False
1.9,1.9,False,False,0.05171644274993948,0.9957695687152345,0.042920337003820086,0.0,0.0,False,0,0,False
2.0,2.0,False,False,0.053836086903897365,0.9961398577180193,0.043448354683670344,0.0,0.0,False,0,0,False
2.1,2.1,False,False,0.0521226700556766,0.9971463989755588,0.04242333056879979,0.0,0.0,False,0,0,False
2.2,2.2,False,False,0.05338825344952796,0.9966803754369599,0.044949580173866424,0.0,0.0,False,0,0,False
2.3,2.3,False,False,0.057417998063422904,0.9972449216457294,0.04781681135589001,0.0,0.0,False,0,0,False
2.4,2.4,False,False,0.0576487230694747,0.9940404110650604,0.047580603057262943,0.0,0.0,False,0,0,False
2.5,2.5,False,False,0.06218152384410554,0.9962321793839058,0.05388866125368604,0.0,0.0,False,0,0,False
2.6,2.6,False,False,0.06468470104091019,0.9982277466376617,0.05466102151309743,0.0,0.0,False,0,0,False
2.7,2.7,False,False,0.07172975671750181,0.996860149532658,0.06322054395488665,-0.00392156862745098,0.0,False,0,0,False
2.8,2.8,False,False,0.07679738562091502,0.9969897908821546,0.06730740117091759,0.0,0.0,False,0,0,False
2.9,2.9,False,False,0.07397346284192689,0.9958592965661142,0.06590905283011642,-0.00392156862745098,0.0,False,0,0,False
3.0,3.0,False,False,0.07249304042604696,0.9963805165901517,0.06406685324276194,0.0,0.0,False,0,0,False
3.1,3.1,False,False,0.07113062817719681,0.9912938474864864,0.06310612547631357,-0.00392156862745098,0.0,False,0,0,False
3.2,3.2,False,False,0.07133260711692084,0.9943314376810984,0.06350138795142081,-0.00392156862745098,0.0,False,0,0,False
3.3,3.3,False,False,0.06924095255386105,0.9958768143762486,0.06280599107929305,0.0,0.0,False,0,0,False
3.4,3.4,False,False,0.07086813120309852,0.9978321191513241,0.06282301510081571,0.0,0.0,False,0,0,False
3.5,3.5,False,False,0.07454762769305254,0.9962054447912212,0.06652596417595358,-0.00392156862745098,0.0,False,0,0,False
3.6,3.6,False,False,0.08227956305979182,0.9729716200912303,0.07357972088982077,-0.011764705882352941,0.0,False,0,0,False
3.7,3.7,False,False,0.0885885681433067,0.9526750846660462,0.07887390735102635,-0.011764705882352941,0.0,False,0,0,False
3.8,3.8,False,False,0.09294284071653353,0.9780054765665973,0.08209233751483992,-0.00784313725490196,0.0,False,0,0,False
3.9,3.9,False,False,0.09824875938029533,0.9743638037777392,0.08482453589345895,-0.00784313725490196,0.0,False,0,0,False
4.0,4.0,False,False,0.0981088114258049,0.9837108882996944,0.08743569617177926,-0.00392156862745098,0.0,False,0,0,False
4.1,4.1,False,False,0.0981844589687727,0.9882588545468646,0.08991410498525582,-0.00392156862745098,0.0,False,0,0,False
4.2,4.2,False,False,0.10052575042362623,0.9854777268594195,0.08677718966614967,-0.00392156862745098,0.0,False,0,0,False
4.3,4.3,False,False,0.10465913217138707,0.9921517644561143,0.0907689188040939,0.0,0.0,False,0,0,False
4.4,4.4,False,False,0.10535811546840958,0.9917845813376766,0.09182779648724725,0.0,0.0,False,0,0,False
4.5,4.5,False,False,0.10887043088840474,0.9892207713459441,0.0983123031317019,0.0,0.0,False,0,0,False
4.6,4.6,False,False,0.10605558581457275,0.9875172104165754,0.09318547716327742,0.0,0.0,False,0,0,False
4.7,4.7,False,False,0.1020296235778262,0.9933742067663702,0.09017773048550475,0.0,0.0,False,0,0,False
4.8,4.8,False,False,0.10261362260953764,0.9910882749778697,0.08990029727711397,0.0,0.0,False,0,0,False
4.9,4.9,False,False,0.09996293270394578,0.995941783585191,0.08684791864133348,0.0,0.0,False,0,0,False
5.0,5.0,False,False,0.0919821169208424,0.9975709100752538,0.07778572381711474,0.0,0.0,False,0,0,False
5.1,5.1,False,False,0.08185820624546114,0.9962437111188351,0.06848466910567938,0.0,0.0,False,0,0,False
5.2,5.2,False,False,0.07605906560154926,0.9939219559552015,0.06613864524691712,0.0,0.0,False,0,0,False
5.3,5.3,False,False,0.08902883684337932,0.9951683334577045,0.06963829339719287,0.0,0.0,False,0,0,False
5.4,5.4,False,False,0.0786968954248366,0.9964928937450096,0.06549809773763021,0.0,0.0,False,0,0,False
5.5,5.5,False,False,0.08697198015008473,0.9959806770497058,0.07253219006108302,0.00392156862745098,0.0,False,0,0,False
5.6,5.6,False,False,0.08379024449285888,0.9947804824877731,0.07118509330001532,0.00392156862745098,0.0,False,0,0,False
5.7,5.7,True,False,0.18228334543694022,0.590697655938075,0.16894706277286306,-0.03137254901960784,0.0,True,166,2,True
5.8,5.8,False,False,0.027519819656257563,0.9992492127534366,0.02219971675498813,0.0,0.0,False,0,0,False
5.9,5.9,False,False,0.028141642459452915,0.9989478568207426,0.022373517354329426,0.0,0.0,False,0,0,False
6.0,6.0,False,False,0.031993615347373515,0.9994998460716258,0.025086427202411728,0.0,0.0,False,0,0,False
6.1,6.1,False,False,0.03785024812394094,0.9987555356376179,0.028277051215078317,0.0,0.0,False,0,0,False
6.2,6.2,False,False,0.033669208424110385,0.9984721003677165,0.028705972783705767,0.0,0.0,False,0,0,False
6.3,6.3,False,False,0.03369038973614137,0.998862807919526,0.02763215607287837,0.0,0.0,False,0,0,False
6.4,6.4,False,False,0.0335859961268458,0.9994312336002662,0.026060957067153032,0.0,0.0,False,0,0,False
6.5,6.5,False,False,0.03684564875332849,0.9989378015176963,0.028710322286568436,0.0,0.0,False,0,0,False
6.6,6.6,False,False,0.04070140401839748,0.9993837763725467,0.030708741206748814,0.0,0.0,False,0,0,False
6.7,6.7,False,False,0.04272497579278625,0.999359404667755,0.03425831514246323,0.0,0.0,False,0,0,False
6.8,6.8,False,False,0.04399963689179375,0.9988710052230212,0.03604737824084712,0.0,0.0,False,0,0,False
6.9,6.9,False,False,0.04449664124909223,0.9985062711807776,0.03724809534409467,0.0,0.0,False,0,0,False
7.0,7.0,False,False,0.04191403413217139,0.9992410329880497,0.038115961411420034,0.0,0.0,False,0,0,False
7.1,7.1,False,False,0.04990544057129025,0.9970199028397885,0.042673155840705426,0.0,0.0,False,0,0,False
7.2,7.2,False,False,0.046850036310820624,0.9983085026002274,0.04129712721880745,0.0,0.0,False,0,0,False
7.3,7.3,False,False,0.03883744855967078,0.9986832969191602,0.031993615393545116,0.0,0.0,False,0,0,False
7.4,7.4,False,False,0.037675502299685304,0.9990007805512816,0.030995823355282053,0.0,0.0,False,0,0,False
7.5,7.5,False,False,0.03679042604696199,0.9981195211074789,0.029062461853027344,0.0,0.0,False,0,0,False
7.6,7.6,False,False,0.039410100459937064,0.9967536545979664,0.03158530814974916,0.0,0.0,False,0,0,False
7.7,7.7,False,False,0.03762254901960784,0.9966771264590555,0.03081956564211378,0.0,0.0,False,0,0,False
7.8,7.8,False,False,0.03895318930041152,0.9986228647998106,0.030225164750043082,0.0,0.0,False,0,0,False
7.9,7.9,False,False,0.03486670902929073,0.9980710104865006,0.02734110215130974,0.0,0.0,False,0,0,False
8.0,8.0,False,False,0.033595830307431615,0.9978041582060043,0.023439579383999695,0.0,0.0,False,0,0,False
8.1,8.1,False,False,0.03214264100702009,0.9985306300065167,0.023433717091878255,0.0,0.0,False,0,0,False
8.2,8.2,False,False,0.031784828128782375,0.9992517374232837,0.025231292201023475,0.0,0.0,False,0,0,False
8.3,8.3,False,False,0.03283784192689422,0.9987783201756723,0.022640364777808095,0.0,0.0,False,0,0,False
8.4,8.4,False,False,0.037169420237230695,0.9970970893559695,0.02933214599010991,0.0,0.0,False,0,0,False
8.5,8.5,False,False,0.0395432401355604,0.9994362784208656,0.030182802910898247,0.0,0.0,False,0,0,False
8.6,8.6,False,False,0.03729121278140886,0.9993005839838922,0.0321806552363377,0.0,0.0,False,0,0,False
8.7,8.7,False,False,0.03867329339143065,0.9982244342444144,0.030647846296721813,0.0,0.0,False,0,0,False
8.8,8.8,False,False,0.04121732026143791,0.9987443438533367,0.031640909232345284,0.0,0.0,False,0,0,False
8.9,8.9,False,False,0.04310850883563302,0.9991274072778965,0.03563982645670573,0.0,0.0,False,0,0,False
9.0,9.0,False,False,0.03846148027112079,0.9986810792764865,0.031993806128408395,0.0,0.0,False,0,0,False
9.1,9.1,False,False,0.03915970709271362,0.9980598612829749,0.0341003978953642,0.0,0.0,False,0,0,False
9.2,9.2,False,False,0.04466609174534011,0.999172953749675,0.040066341325348497,0.0,0.0,False,0,0,False
9.3,9.3,False,False,0.045930162188332124,0.9990928690159306,0.03866705426982805,0.0,0.0,False,0,0,False
9.4,9.4,False,False,0.03825874485596708,0.9986043412494134,0.03293750613343482,0.0,0.0,False,0,0,False
9.5,9.5,False,False,0.03791379206003389,0.9992731572600363,0.032049216476141236,0.0,0.0,False,0,0,False
9.6,9.6,False,False,0.03503389009924958,0.9994027032094573,0.030269607843137255,0.0,0.0,False,0,0,False
9.7,9.7,False,False,0.03530092592592592,0.998650698069808,0.030518866520301967,0.0,0.0,False,0,0,False
9.8,9.8,False,False,0.03212372912127814,0.9993491267840183,0.02718337750902363,0.0,0.0,False,0,0,False
9.9,9.9,False,False,0.02606209150326797,0.9995480500929145,0.021942894131529566,0.0,0.0,False,0,0,False
10.0,10.0,False,False,0.023154199951585575,0.9992058063871695,0.020349945741541246,0.0,0.0,False,0,0,False
10.1,10.1,False,False,0.025608962720890825,0.9981727547975567,0.02162195841471354,0.0,0.0,False,0,0,False
10.2,10.2,False,False,0.02662944807552651,0.9993953716347128,0.02261993931789024,0.0,0.0,False,0,0,False
10.3,10.3,False,False,0.027612109658678285,0.9984948759416049,0.023838432162415747,0.0,0.0,False,0,0,False
10.4,10.4,False,False,0.025698226821592833,0.9989762754451873,0.022427037182976218,0.0,0.0,False,0,0,False
10.5,10.5,False,False,0.02406045751633987,0.9977549958832138,0.020998623791862937,0.0,0.0,False,0,0,False
10.6,10.6,False,False,0.02820216049382716,0.9990477382425844,0.024025092405431412,0.0,0.0,False,0,0,False
10.7,10.7,False,False,0.028162067296054225,0.9991140416931957,0.025372942756204043,0.0,0.0,False,0,0,False
10.8,10.8,False,False,0.029549443234083757,0.9980199389932334,0.026287710900400198,0.0,0.0,False,0,0,False
10.9,10.9,False,False,0.027748275236020335,0.9996390227259537,0.024301394294289982,0.0,0.0,False,0,0,False
11.0,11.0,False,False,0.02606587388041636,0.9974995338018433,0.02272981755873736,0.0,0.0,False,0,0,False
11.1,11.1,False,False,0.02662717864923747,0.9991532338354415,0.02388306412042356,0.0,0.0,False,0,0,False
11.2,11.2,False,False,0.028157528443476156,0.9988044802630327,0.024921894073486328,0.0,0.0,False,0,0,False
11.3,11.3,False,False,0.02759546719922537,0.9984718437815472,0.025100044175690294,0.0,0.0,False,0,0,False
11.4,11.4,False,False,0.028934428709755506,0.9985583586403394,0.025243207520129634,0.0,0.0,False,0,0,False
11.5,11.5,False,False,0.029503298232873395,0.9983905055804644,0.026125068290560854,0.0,0.0,False,0,0,False
11.6,11.6,False,False,0.03023254054708303,0.9953905303093985,0.026314187517353132,-0.00392156862745098,0.0,False,0,0,False
11.7,11.7,False,False,0.03042165940450254,0.9990718247423688,0.026755402134914025,0.0,0.0,False,0,0,False
11.8,11.8,False,False,0.03161764705882353,0.998205017202526,0.02804235570571002,0.0,0.0,False,0,0,False
11.9,11.9,False,False,0.0327727850399419,0.9993540395819049,0.028341162438486136,0.0,0.0,False,0,0,False
12.0,12.0,False,False,0.033455125877511496,0.9987633394230627,0.028621815700157018,0.0,0.0,False,0,0,False
12.1,12.1,False,False,0.033331063907044295,0.9994095652786503,0.029546417909509997,0.0,0.0,False,0,0,False
12.2,12.2,False,False,0.03350127087872186,0.9990359447186999,0.028693679734772326,0.0,0.0,False,0,0,False
12.3,12.3,False,False,0.03296190389736141,0.9979289147626704,0.028700867821188535,0.0,0.0,False,0,0,False
12.4,12.4,False,False,0.03208817477608327,0.9995103268785542,0.028114977069929534,0.0,0.0,False,0,0,False
12.5,12.5,False,False,0.031993615347373515,0.9977495362959395,0.028457091836368336,0.0,0.0,False,0,0,False
12.6,12.6,False,False,0.0329967017671266,0.9990090578192982,0.02835099650364296,0.0,0.0,False,0,0,False
12.7,12.7,False,False,0.033241043330912615,0.9971564149946816,0.028731693941004135,0.0,0.0,False,0,0,False
12.8,12.8,False,False,0.03248835027838296,0.9990184125571951,0.028672309950286266,0.0,0.0,False,0,0,False
12.9,12.9,False,False,0.034377269426289034,0.9986791428446219,0.029815155852074716,0.0,0.0,False,0,0,False
13.0,13.0,False,False,0.03416923868312757,0.9987140825034285,0.029108417735380285,0.0,0.0,False,0,0,False
13.1,13.1,False,False,0.035783557250060515,0.9990460587072211,0.03070949853635302,0.0,0.0,False,0,0,False
13.2,13.2,False,False,0.040940450254175746,0.9992677423103609,0.03586431017108992,0.0,0.0,False,0,0,False
13.3,13.3,False,False,0.03988667998063423,0.9991304518514411,0.035465461132573144,0.0,0.0,False,0,0,False
13.4,13.4,False,False,0.04182779593318809,0.9996812494305543,0.03837883519191368,0.0,0.0,False,0,0,False
13.5,13.5,False,False,0.04444973977245219,0.9993468273423693,0.038819103614956725,0.0,0.0,False,0,0,False
13.6,13.6,False,False,0.046697984749455336,0.9995799006165388,0.04118838590734145,0.0,0.0,False,0,0,False
13.7,13.7,False,False,0.04329384531590414,0.998492960198168,0.039335018980736824,0.0,0.0,False,0,0,False
13.8,13.8,False,False,0.042970830307431616,0.9989073797413593,0.03808551115148208,0.0,0.0,False,0,0,False
13.9,13.9,False,False,0.04560639070442992,0.9978835839539963,0.04095312006333295,0.0,0.0,False,0,0,False
14.0,14.0,False,False,0.049087690631808276,0.9994597986767167,0.04334226122089461,0.0,0.0,False,0,0,False
14.1,14.1,False,False,0.05179360324376664,0.9990203694205488,0.046463854172650504,0.0,0.0,False,0,0,False
14.2,14.2,False,False,0.0547272149600581,0.998454950324761,0.04844714520024318,0.0,0.0,False,0,0,False
14.3,14.3,False,False,0.05269002662793513,0.9978147637817216,0.04710799572514553,0.0,0.0,False,0,0,False
14.4,14.4,False,False,0.049501482691842166,0.9994911815927588,0.044434611002604166,0.0,0.0,False,0,0,False
14.5,14.5,False,False,0.050683853788428955,0.9986955731835471,0.04452349718879251,0.0,0.0,False,0,0,False
14.6,14.6,False,False,0.049580156136528684,0.9989263441195941,0.044429502300187655,0.0,0.0,False,0,0,False
14.7,14.7,False,False,0.051384350036310825,0.9993230844796496,0.04534200406542011,0.0,0.0,False,0,0,False
14.8,14.8,True,False,0.13016899661099007,0.8665888897483702,0.12300668604233686,-0.00784313725490196,0.023622047244094488,True,127,6,True
14.9,14.9,False,False,0.07102169571532317,0.9971318040298024,0.059503031711952356,0.0,0.0,False,0,0,False
15.0,15.0,False,False,0.07354681069958849,0.9990313469462201,0.06390326256845512,0.0,0.0,False,0,0,False
15.1,15.1,False,False,0.07702281529895909,0.9975653677677245,0.06640511307061887,0.0,0.0,False,0,0,False
15.2,15.2,False,False,0.07661053618978456,0.998439924645601,0.06534983317057291,0.0,0.0,False,0,0,False
15.3,15.3,False,False,0.07783300048414428,0.9985197113892819,0.0665314468682981,0.0,0.0,False,0,0,False
15.4,15.4,False,False,0.0752375332849189,0.9971764845888511,0.06596011741488587,0.0,0.0,False,0,0,False
15.5,15.5,False,False,0.07568990559186638,0.9973841566948825,0.06609174690994563,0.0,0.0,False,0,0,False
15.6,15.6,False,False,0.0756104756717502,0.992902048515741,0.0654975367527382,-0.00784313725490196,0.0,False,0,0,False
15.7,15.7,False,False,0.07614379084967321,0.9947108448427553,0.06685067719104243,-0.00392156862745098,0.0,False,0,0,False
15.8,15.8,False,False,0.07309292544178164,0.9932689921016713,0.06495665755926394,-0.00392156862745098,0.0,False,0,0,False
15.9,15.9,False,False,0.07126074195110142,0.9971675346814871,0.06122193429984298,-0.00392156862745098,0.0,False,0,0,False
16.0,16.0,False,False,0.06441615226337448,0.9942881759819844,0.055919987547631354,-0.00392156862745098,0.0,False,0,0,False
16.1,16.1,False,False,0.06352275478092471,0.9967445895581487,0.053609522651223575,-0.00392156862745098,0.0,False,0,0,False
16.2,16.2,False,False,0.05884698015008472,0.9974369409402153,0.04835958293839997,-0.00196078431372549,0.0,False,0,0,False
16.3,16.3,False,False,0.06035312273057371,0.9958129434550916,0.05041057736265893,0.0,0.0,False,0,0,False
16.4,16.4,False,False,0.062317689421447595,0.9977163108883393,0.05187171113257315,0.0,0.0,False,0,0,False
16.5,16.5,False,False,0.06041515371580731,0.9968550757879239,0.04944153206021178,0.0,0.0,False,0,0,False
16.6,16.6,False,False,0.05837493948196562,0.998274520913146,0.04715640872132545,0.0,0.0,False,0,0,False
16.7,16.7,False,False,0.05573030137981118,0.9968140680320589,0.046928899428423716,0.0,0.0,False,0,0,False
16.8,16.8,False,False,0.054806644880174296,0.9985714457310364,0.044809633142807906,0.0,0.0,False,0,0,False
16.9,16.9,False,False,0.05394048051319293,0.9970103339933745,0.0447179121129653,0.0,0.0,False,0,0,False
17.0,17.0,False,False,0.05677575042362624,0.9981580522253013,0.047135416666666666,0.0,0.0,False,0,0,False
17.1,17.1,False,False,0.05688922173807795,0.9988922742919571,0.04822209302116843,0.0,0.0,False,0,0,False
17.2,17.2,False,False,0.05712372912127814,0.9994898023348036,0.048113160974839156,0.0,0.0,False,0,0,False
17.3,17.3,False,False,0.057915758896151054,0.9980245471765468,0.04906310661166322,0.0,0.0,False,0,0,False
17.4,17.4,False,False,0.05950208787218591,0.9995107836174363,0.051814786125631895,0.0,0.0,False,0,0,False
17.5,17.5,False,False,0.05879402687000726,0.9991331858727244,0.05152638005275352,0.0,0.0,False,0,0,False
17.6,17.6,False,False,0.05617510893246188,0.9978984562401393,0.04933770497639974,-0.00392156862745098,0.0,False,0,0,False
17.7,17.7,False,False,0.053286885741951104,0.9993945294570701,0.04653988258511412,0.0,0.0,False,0,0,False
17.8,17.8,False,False,0.05248653473735173,0.9993123371279939,0.046101315816243486,0.0,0.0,False,0,0,False
17.9,17.9,False,False,0.051615075042362624,0.9988666544946629,0.04527051589068244,0.0,0.0,False,0,0,False
18.0,18.0,False,False,0.05339430525296538,0.9981312292655593,0.04557178347718482,0.0,0.0,False,0,0,False
18.1,18.1,False,False,0.050957697893972406,0.9962151956034735,0.04255060682109758,0.0,0.0,False,0,0,False
18.2,18.2,False,False,0.054474552166545634,0.9966854363204556,0.04252394133923101,0.0,0.0,False,0,0,False
18.3,18.3,False,False,0.05012103606874849,0.9981379009868248,0.04281896703383502,0.0,0.0,False,0,0,False
18.4,18.4,False,False,0.054409495279593316,0.9974556898423553,0.045868697820925244,0.0,0.0,False,0,0,False
18.5,18.5,False,False,0.05540426046961995,0.9986833222412681,0.04620646308450138,0.0,0.0,False,0,0,False
18.6,18.6,False,False,0.05496172234325829,0.9980354707059249,0.04628532634061926,0.0,0.0,False,0,0,False
18.7,18.7,False,False,0.05449043815056887,0.9992356376242425,0.04300714006610945,0.0,0.0,False,0,0,False
18.8,18.8,False,False,0.04970119220527717,0.9974179909375277,0.041524071786917895,0.0,0.0,False,0,0,False
18.9,18.9,False,False,0.04778579641733237,0.9980304763015178,0.04129694022384344,0.0,0.0,False,0,0,False
19.0,19.0,False,False,0.04953628056160736,0.9988607447202513,0.04175460665833716,0.0,0.0,False,0,0,False
19.1,19.1,False,False,0.04989182401355604,0.998979849316803,0.04106451296338848,-0.00392156862745098,0.0,False,0,0,False
19.2,19.2,False,False,0.04767156862745098,0.9984026689419231,0.040834542816760494,-0.00392156862745098,0.0,False,0,0,False
19.3,19.3,False,False,0.04933430162188332,0.9991022510429697,0.040350210900400196,0.0,0.0,False,0,0,False
19.4,19.4,False,False,0.04892580488985718,0.999201635011907,0.041192544675340836,0.0,0.0,False,0,0,False
19.5,19.5,False,False,0.05044707697893972,0.9981648273549288,0.0424155777575923,0.0,0.0,False,0,0,False
19.6,19.6,False,False,0.053078854998789636,0.9980173413487681,0.04417608298507391,0.0,0.0,False,0,0,False
19.7,19.7,False,False,0.05460693536673929,0.9985926665802577,0.04579759111591414,0.0,0.0,False,0,0,False
19.8,19.8,False,False,0.05468031348341806,0.9965323446384432,0.046745831358666515,0.0,0.0,False,0,0,False
19.9,19.9,False,False,0.05515008472524813,0.9988327755701446,0.046635006923301546,-0.00392156862745098,0.0,False,0,0,False
20.0,20.0,False,False,0.05732570806100218,0.9979102434104514,0.04756225885129443,-0.00392156862745098,0.0,False,0,0,False
20.1,20.1,False,False,0.05835148874364561,0.9972059465808749,0.050254174774768304,-0.00392156862745098,0.0,False,0,0,False
20.2,20.2,False,False,0.06394259864439603,0.9988971555180521,0.05386956158806296,-0.00392156862745098,0.0,False,0,0,False
20.3,20.3,False,False,0.06547597434035342,0.9902563205424812,0.055155189364564185,-0.00392156862745098,0.0,False,0,0,False
20.4,20.4,False,False,0.06586328976034858,0.9958358913434909,0.05634966457591337,-0.00392156862745098,0.0,False,0,0,False
20.5,20.5,False,False,0.06573241951101429,0.9961891974736307,0.05662672379437615,-0.00392156862745098,0.0,False,0,0,False
20.6,20.6,False,False,0.06505537400145243,0.9908730113305773,0.0567566478953642,-0.00392156862745098,0.0,False,0,0,False
20.7,20.7,False,False,0.06753736988622609,0.9965476514595268,0.058849061704149434,0.0,0.0,False,0,0,False
20.8,20.8,False,False,0.06835285039941902,0.9941806630586781,0.05943438212076823,0.0,0.0,False,0,0,False
20.9,20.9,False,False,0.07745551924473494,0.9940751520731426,0.0703125,-0.00392156862745098,0.0,False,0,0,False
21.0,21.0,False,False,0.07351125635439361,0.9974741130970467,0.06664454142252604,-0.00392156862745098,0.0,False,0,0,False
21.1,21.1,False,False,0.07746459694989107,0.9973824290440768,0.07089819814644607,-0.00392156862745098,0.0,False,0,0,False
21.2,21.2,False,False,0.0818771181312031,0.9951282106176829,0.0753665101294424,0.0,0.0,False,0,0,False
21.3,21.3,False,False,0.08506187969014767,0.9969626476920329,0.07868668051326975,0.0,0.0,False,0,0,False
21.4,21.4,False,False,0.08516854272573227,0.9969049977395534,0.07938888400208716,-0.00392156862745098,0.0,False,0,0,False
21.5,21.5,False,False,0.08590913217138707,0.9987926458046081,0.0807660420735677,-0.00392156862745098,0.0,False,0,0,False
21.6,21.6,False,False,0.08811955337690631,0.9871712600614796,0.08225932401769301,0.0,0.0,False,0,0,False
21.7,21.7,False,False,0.08638873759380296,0.9942272680450264,0.0817001043581495,0.0,0.0,False,0,0,False
21.8,21.8,False,False,0.08359734325829096,0.9962823803505279,0.0785563824223537,0.0,0.0,False,0,0,False
21.9,21.9,False,False,0.07889357903655289,0.9939150519165454,0.07434678171195236,0.0,0.0,False,0,0,False
22.0,22.0,False,False,0.0726466049382716,0.9961791963530942,0.06869988534964767,0.00392156862745098,0.0,False,0,0,False
22.1,22.1,False,False,0.06927121157104818,0.9980958747764372,0.06484072068158318,0.0,0.0,False,0,0,False
22.2,22.2,False,False,0.06713189905591867,0.9961913620036869,0.06258945465087891,0.00392156862745098,0.0,False,0,0,False
22.3,22.3,False,False,0.0667377753570564,0.9870567591470304,0.061574640461042815,0.00392156862745098,0.0,False,0,0,False
22.4,22.4,False,False,0.06581638828370855,0.9973405976259679,0.061349588281968064,0.00392156862745098,0.0,False,0,0,False
22.5,22.5,False,False,0.06789291333817477,0.9923029412635695,0.062281380447686885,0.00392156862745098,0.0,False,0,0,False
22.6,22.6,False,False,0.07050199709513436,0.9843281430417853,0.06361258263681449,0.00784313725490196,0.0,False,0,0,False
22.7,22.7,False,False,0.0715580367949649,0.9911346293031911,0.06511797437480851,0.00392156862745098,0.0,False,0,0,False
22.8,22.8,False,False,0.07315646937787461,0.9927708377280514,0.06774161843692555,0.00392156862745098,0.0,False,0,0,False
22.9,22.9,False,False,0.07651068143306705,0.9968434029829506,0.07096476835363051,0.00392156862745098,0.0,False,0,0,False
23.0,23.0,False,False,0.07904941297506657,0.9966409168278251,0.07383616578345205,0.00392156862745098,0.0,False,0,0,False
23.1,23.1,False,False,0.08011528685548294,0.9958180379994216,0.07502477309283088,0.00392156862745098,0.0,False,0,0,False
23.2,23.2,False,False,0.08240589445654806,0.9988116699339867,0.0770729289335363,0.00392156862745098,0.0,False,0,0,False
23.3,23.3,True,False,0.13575708061002179,0.6414532873673436,0.11789348078709022,0.050980392156862744,0.05172413793103448,True,174,16,True
23.4,23.4,False,False,0.057911976519002664,0.9977506640425018,0.049505454418705956,0.0,0.0,False,0,0,False
23.5,23.5,False,False,0.058117737835875094,0.9978007133251902,0.047723388671875,0.0,0.0,False,0,0,False
23.6,23.6,False,False,0.05751936577099976,0.9969940390985957,0.048114294164321,0.0,0.0,False,0,0,False
23.7,23.7,False,False,0.05774782135076253,0.9959007646656852,0.04723640516692517,0.0,0.0,False,0,0,False
23.8,23.8,False,False,0.05662975066569838,0.996832061191372,0.04770731084487018,0.0,0.0,False,0,0,False
23.9,23.9,False,False,0.05711767731784072,0.9968087354320755,0.047970943824917664,0.0,0.0,False,0,0,False
24.0,24.0,False,False,0.05584982449770032,0.9973475818166844,0.048134343764361216,0.0,0.0,False,0,0,False
24.1,24.1,False,False,0.05901189179375454,0.9964668480110792,0.049550654841404335,0.0,0.0,False,0,0,False
24.2,24.2,False,False,0.058403685548293394,0.9954544545113907,0.04983092663334865,0.0,0.0,False,0,0,False
24.3,24.3,False,False,0.05843243161462116,0.9972578023254494,0.050264197704838774,0.0,0.0,False,0,0,False
24.4,24.4,False,False,0.05962539336722343,0.9952113526625674,0.05172949024275238,0.0,0.0,False,0,0,False
24.5,24.5,False,False,0.06240317114500121,0.9976690557201978,0.053827955208572684,0.0,0.0,False,0,0,False
24.6,24.6,False,False,0.06371868191721133,0.9968967237653377,0.05559262294395297,0.0,0.0,False,0,0,False
24.7,24.7,False,False,0.06416575889615106,0.9978687974045862,0.05661764705882353,0.0,0.0,False,0,0,False
24.8,24.8,False,False,0.06419072258533043,0.9959025296525089,0.05744012570848652,0.0,0.0,False,0,0,False
24.9,24.9,False,False,0.06370279593318809,0.9976902662415218,0.057747631446987975,0.0,0.0,False,0,0,False
25.0,25.0,False,False,0.06524146695715323,0.9937804674522861,0.058479144526462926,0.0,0.0,False,0,0,False
25.1,25.1,False,False,0.06598583877995642,0.995610457802539,0.059845718682981004,0.0,0.0,False,0,0,False
25.2,25.2,False,False,0.06714173323650448,0.9978418046367301,0.0599637274648629,0.0,0.0,False,0,0,False
25.3,25.3,False,False,0.06579445049624788,0.9974435908513589,0.05945613337498085,0.0,0.0,False,0,0,False
25.4,25.4,False,False,0.06436849431130477,0.9964537019214581,0.05857767591289446,0.0,0.0,False,0,0,False
25.5,25.5,False,False,0.06445170660856936,0.9953815280051819,0.05804227941176471,0.0,0.0,False,0,0,False
25.6,25.6,False,False,0.06569913459210845,0.9940146661773581,0.05962690465590533,0.0,0.0,False,0,0,False
25.7,25.7,False,False,0.06668936092955702,0.9979367572143576,0.05990056056602328,0.0,0.0,False,0,0,False
25.8,25.8,False,False,0.06938695231178892,0.9951465282447416,0.06174201217352175,0.0,0.0,False,0,0,False
25.9,25.9,False,False,0.06604711328976035,0.9973764303645114,0.05895969540465112,0.0,0.0,False,0,0,False
26.0,26.0,False,False,0.06456971677559913,0.9989337432933283,0.05807896782370175,0.0,0.0,False,0,0,False
26.1,26.1,False,False,0.06361655773420478,0.9978020788433655,0.05708420323390587,0.0,0.0,False,0,0,False
26.2,26.2,False,False,0.06163686153473735,0.9963174067930042,0.052618729834463085,0.0,0.0,False,0,0,False
26.3,26.3,False,False,0.058893881626724764,0.9981432302642922,0.05084025439094095,0.0,0.0,False,0,0,False
26.4,26.4,False,False,0.05589067417090293,0.9980553581759392,0.04745635238348269,0.0,0.0,False,0,0,False
26.5,26.5,False,False,0.05610400024207214,0.9975325099968129,0.04705334083706725,0.0,0.0,False,0,0,False
26.6,26.6,False,False,0.05494356693294602,0.9972494620145288,0.04575503854190602,0.0,0.0,False,0,0,False
26.7,26.7,False,False,0.05670766763495522,0.9974353197786456,0.046051010431027876,0.0,0.0,False,0,0,False
26.8,26.8,False,False,0.05899071048172355,0.9926335450058046,0.04865744347665824,0.0,0.0,False,0,0,False
26.9,26.9,False,False,0.06315208182038248,0.9942908524276575,0.05185790342443129,0.0,0.0,False,0,0,False
27.0,27.0,False,False,0.07684958242556282,0.9937598707917862,0.0677068224140242,0.0,0.0,False,0,0,False
27.1,27.1,False,False,0.08788807189542483,0.993483620223044,0.07706461139753754,0.0,0.0,False,0,0,False
27.2,27.2,False,False,0.09250332849189058,0.9949792981512471,0.08198586258233763,0.0,0.0,False,0,0,False
27.3,27.3,False,False,0.08045494432340837,0.9911987793022747,0.06957172319000843,0.0,0.0,False,0,0,False
27.4,27.4,False,False,0.0899222343258291,0.9933440438154821,0.07919295067880668,0.0,0.0,False,0,0,False
27.5,27.5,False,False,0.08545751633986928,0.9951868351508645,0.07521578470865885,0.0,0.0,False,0,0,False
27.6,27.6,False,False,0.08192023723069475,0.9871873356629545,0.07285160737879136,0.0,0.0,False,0,0,False
27.7,27.7,False,False,0.08023632292423143,0.9929300760312499,0.07118263244628906,0.0,0.0,False,0,0,False
27.8,27.8,False,False,0.0829929193899782,0.9957876319996697,0.07405554079541973,0.0,0.0,False,0,0,False
27.9,27.9,False,False,0.08761876664245946,0.9929142373409567,0.07891362508138021,0.0,0.0,False,0,0,False
